{
  "training_summary": {
    "final_train_accuracy": 17.4375,
    "final_val_accuracy": 12.776412776412776,
    "final_train_loss": 3.223224949836731,
    "final_val_loss": 3.6161894981677714,
    "best_val_accuracy": 14.25061425061425,
    "total_epochs": 50
  },
  "evaluation_summary": {
    "accuracy": 0.10248756218905472,
    "top_5_accuracy": 0.2990049751243781,
    "precision_macro": 0.12139698645706033,
    "precision_weighted": 0.11865844995761567,
    "recall_macro": 0.10262899839095424,
    "recall_weighted": 0.10248756218905472,
    "f1_macro": 0.09179174857259514,
    "f1_weighted": 0.09192311195053805,
    "precision_per_class": [
      0.2894736842105263,
      0.28846153846153844,
      0.0,
      0.16071428571428573,
      0.11594202898550725,
      0.05454545454545454,
      0.09375,
      0.1111111111111111,
      0.0625,
      1.0,
      0.40350877192982454,
      0.03125,
      0.09375,
      0.09259259259259259,
      0.0,
      0.14285714285714285,
      0.1,
      0.05714285714285714,
      0.09803921568627451,
      0.0,
      0.07692307692307693,
      0.08333333333333333,
      0.30158730158730157,
      0.06818181818181818,
      0.2,
      0.10344827586206896,
      0.15151515151515152,
      0.11290322580645161,
      0.1,
      0.05714285714285714,
      0.09859154929577464,
      0.0,
      0.3333333333333333,
      0.0,
      0.0,
      0.04054054054054054,
      0.06060606060606061,
      0.25,
      0.042105263157894736,
      0.04895104895104895,
      0.05128205128205128,
      0.0,
      0.03571428571428571,
      0.07692307692307693,
      0.08139534883720931,
      0.06306306306306306,
      0.07317073170731707,
      0.05128205128205128,
      0.07692307692307693,
      0.23529411764705882
    ],
    "recall_per_class": [
      0.25,
      0.3409090909090909,
      0.0,
      0.20930232558139536,
      0.19047619047619047,
      0.075,
      0.07692307692307693,
      0.022222222222222223,
      0.024390243902439025,
      0.030303030303030304,
      0.6052631578947368,
      0.025,
      0.07142857142857142,
      0.12195121951219512,
      0.0,
      0.05555555555555555,
      0.022222222222222223,
      0.05128205128205128,
      0.11904761904761904,
      0.0,
      0.08695652173913043,
      0.075,
      0.48717948717948717,
      0.07142857142857142,
      0.023255813953488372,
      0.08571428571428572,
      0.12195121951219512,
      0.16666666666666666,
      0.0975609756097561,
      0.045454545454545456,
      0.20588235294117646,
      0.0,
      0.024390243902439025,
      0.0,
      0.0,
      0.07317073170731707,
      0.047619047619047616,
      0.1,
      0.10256410256410256,
      0.1590909090909091,
      0.08695652173913043,
      0.0,
      0.027777777777777776,
      0.11428571428571428,
      0.21875,
      0.16279069767441862,
      0.07142857142857142,
      0.047619047619047616,
      0.02857142857142857,
      0.10810810810810811
    ],
    "f1_per_class": [
      0.2682926829268293,
      0.3125,
      0.0,
      0.18181818181818182,
      0.14414414414414414,
      0.06315789473684211,
      0.08450704225352113,
      0.037037037037037035,
      0.03508771929824561,
      0.058823529411764705,
      0.4842105263157895,
      0.027777777777777776,
      0.08108108108108109,
      0.10526315789473684,
      0.0,
      0.08,
      0.03636363636363636,
      0.05405405405405406,
      0.10752688172043011,
      0.0,
      0.08163265306122448,
      0.07894736842105263,
      0.37254901960784315,
      0.06976744186046512,
      0.041666666666666664,
      0.09375,
      0.13513513513513514,
      0.1346153846153846,
      0.09876543209876543,
      0.05063291139240506,
      0.13333333333333333,
      0.0,
      0.045454545454545456,
      0.0,
      0.0,
      0.05217391304347826,
      0.05333333333333334,
      0.14285714285714285,
      0.05970149253731343,
      0.0748663101604278,
      0.06451612903225806,
      0.0,
      0.03125,
      0.09195402298850575,
      0.11864406779661017,
      0.09090909090909091,
      0.07228915662650602,
      0.04938271604938271,
      0.041666666666666664,
      0.14814814814814814
    ],
    "class_distribution_true": {
      "0": 44,
      "1": 44,
      "2": 32,
      "3": 43,
      "4": 42,
      "5": 40,
      "6": 39,
      "7": 45,
      "8": 41,
      "9": 33,
      "10": 38,
      "11": 40,
      "12": 42,
      "13": 41,
      "14": 43,
      "15": 36,
      "16": 45,
      "17": 39,
      "18": 42,
      "19": 42,
      "20": 46,
      "21": 40,
      "22": 39,
      "23": 42,
      "24": 43,
      "25": 35,
      "26": 41,
      "27": 42,
      "28": 41,
      "29": 44,
      "30": 34,
      "31": 44,
      "32": 41,
      "33": 41,
      "34": 38,
      "35": 41,
      "36": 42,
      "37": 40,
      "38": 39,
      "39": 44,
      "40": 46,
      "41": 34,
      "42": 36,
      "43": 35,
      "44": 32,
      "45": 43,
      "46": 42,
      "47": 42,
      "48": 35,
      "49": 37
    },
    "class_distribution_pred": {
      "0": 38,
      "1": 52,
      "2": 1,
      "3": 56,
      "4": 69,
      "5": 55,
      "6": 32,
      "7": 9,
      "8": 16,
      "9": 1,
      "10": 57,
      "11": 32,
      "12": 32,
      "13": 54,
      "14": 17,
      "15": 14,
      "16": 10,
      "17": 35,
      "18": 51,
      "19": 37,
      "20": 52,
      "21": 36,
      "22": 63,
      "23": 44,
      "24": 5,
      "25": 29,
      "26": 33,
      "27": 62,
      "28": 40,
      "29": 35,
      "30": 71,
      "31": 6,
      "32": 3,
      "33": 17,
      "34": 15,
      "35": 74,
      "36": 33,
      "37": 16,
      "38": 95,
      "39": 143,
      "40": 78,
      "41": 5,
      "42": 28,
      "43": 52,
      "44": 86,
      "45": 111,
      "46": 41,
      "47": 39,
      "48": 13,
      "49": 17
    },
    "total_samples": 2010,
    "correct_predictions": "206",
    "incorrect_predictions": "1804",
    "error_rate": 0.8975124378109453
  },
  "timestamp": "2026-02-07T13:22:58"
}